coefficient	value	error	base	position	side	trim_type	training_error
mh_config_count	0.989310145378113	0.980750203132629					2.11308783804043e-08
ligation_mh	0.536758542060852	0.52987015247345					2.11308783804043e-08
