coefficient	value	error	base	position	side	trim_type	training_error
mh_config_count	1.00114786624908	0.735179841518402					9.90156934221886e-09
ligation_mh	0.000297298014629632	0.83841198682785					9.90156934221886e-09
