value	coefficient	base	position	side	trim_type
0.270401924848557	mh_prop	""	overlap0	up	""
0.192855075001717	mh_prop	""	overlap0	down	""
0.273878991603851	mh_prop	""	overlap1	up	""
0.00811495259404182	mh_prop	""	overlap1	mid	""
0.213113263249397	mh_prop	""	overlap1	down	""
0.262815237045288	mh_prop	""	overlap2	up	""
0.0131403869017959	mh_prop	""	overlap2	mid	""
0.213035389780998	mh_prop	""	overlap2	down	""
0.277997225522995	mh_prop	""	overlap3	up	""
0.0339259766042233	mh_prop	""	overlap3	mid	""
0.22309635579586	mh_prop	""	overlap3	down	""
0.27302673459053	mh_prop	""	overlap4	up	""
0.0257997270673513	mh_prop	""	overlap4	mid	""
0.201521724462509	mh_prop	""	overlap4	down	""
-0.0170956831425428	base_count	GC	""	5end	v_trim
-0.289282083511353	base_count	AT	""	3end	v_trim
-0.311139732599258	base_count	GC	""	3end	v_trim
-0.061428863555193	base_count	GC	""	5end	j_trim
-0.121242143213749	base_count	AT	""	3end	j_trim
-0.197699248790741	base_count	GC	""	3end	j_trim
0.0465058758854866	motif	A	pos1	5end	v_trim
0.154006943106651	motif	C	pos1	5end	v_trim
-0.0739560052752495	motif	G	pos1	5end	v_trim
0.10359562933445	motif	A	pos1	5end	j_trim
0.0491009093821049	motif	C	pos1	5end	j_trim
-0.0359103344380856	motif	G	pos1	5end	j_trim
0.112093716859818	motif	A	pos1	3end	v_trim
0.0499891452491283	motif	C	pos1	3end	v_trim
-0.071617029607296	motif	G	pos1	3end	v_trim
-0.0271409898996353	motif	A	pos2	3end	v_trim
0.0882036313414574	motif	C	pos2	3end	v_trim
-0.0963670164346695	motif	G	pos2	3end	v_trim
0.000864413217641413	motif	A	pos1	3end	j_trim
0.111312948167324	motif	C	pos1	3end	j_trim
-0.0155600067228079	motif	G	pos1	3end	j_trim
0.0502819567918778	motif	A	pos2	3end	j_trim
0.093517392873764	motif	C	pos2	3end	j_trim
-0.0264282785356045	motif	G	pos2	3end	j_trim
-0.116786204278469	motif	T	pos1	5end	j_trim
-0.126556813716888	motif	T	pos1	5end	v_trim
-0.0904658325016499	motif	T	pos1	3end	v_trim
0.0353043749928474	motif	T	pos2	3end	v_trim
-0.117371071130037	motif	T	pos2	3end	j_trim
-0.0966173546621576	motif	T	pos1	3end	j_trim
