value	coefficient	base	position	side	trim_type
-0.741229176521301	ligation_mh	""	""	""	""
0.0177834518253803	base_count	GC	""	5end	v_trim
0.0327350050210953	base_count	GC	""	5end	j_trim
-0.340820521116257	base_count	AT	""	3end	v_trim
-0.266849845647812	base_count	GC	""	3end	v_trim
-0.140239357948303	base_count	AT	""	3end	j_trim
-0.177605211734772	base_count	GC	""	3end	j_trim
-0.0752051323652268	motif	A	pos1	5end	v_trim
-0.0792614296078682	motif	C	pos1	5end	v_trim
0.0603286772966385	motif	G	pos1	5end	v_trim
-0.00694226287305355	motif	A	pos1	5end	j_trim
-0.0538699291646481	motif	C	pos1	5end	j_trim
-0.0772309675812721	motif	G	pos1	5end	j_trim
-0.0609280839562416	motif	A	pos1	3end	v_trim
0.0403642058372498	motif	C	pos1	3end	v_trim
-0.0713534876704216	motif	G	pos1	3end	v_trim
0.0492719747126102	motif	A	pos2	3end	v_trim
-0.00418687332421541	motif	C	pos2	3end	v_trim
-0.0671566352248192	motif	G	pos2	3end	v_trim
0.016079219058156	motif	A	pos1	3end	j_trim
-0.0228922590613365	motif	C	pos1	3end	j_trim
-0.0653741434216499	motif	G	pos1	3end	j_trim
0.0373869836330414	motif	A	pos2	3end	j_trim
-0.105057366192341	motif	C	pos2	3end	j_trim
-0.0251106172800064	motif	G	pos2	3end	j_trim
0.0721871834248304	motif	T	pos1	3end	j_trim
0.0220715338364244	motif	T	pos2	3end	v_trim
0.0919173657894135	motif	T	pos1	3end	v_trim
0.0941378846764565	motif	T	pos1	5end	v_trim
0.0927809998393059	motif	T	pos2	3end	j_trim
0.138043159618974	motif	T	pos1	5end	j_trim
