coefficient	value	error	base	position	side	trim_type	training_error
mh_config_count	0.988621652126312	0.704995512962341					3.55876261792787e-09
ligation_mh	0.537498295307159	0.651211023330689					3.55876261792787e-09
