coefficient	value	error	base	position	side	trim_type	training_error
mh_config_count	0.999015688896179	0.413315653800964					1.97105198829206e-09
ligation_mh	-0.00148494739551097	0.374514669179916					1.97105198829206e-09
