value	coefficient	base	position	side	trim_type
-0.0113982511684299	mh_count	""	overlap1	mid	""
-0.00103024125564843	mh_count	""	overlap2	mid	""
0.00122490001376718	mh_count	""	overlap3	mid	""
0.0107827829197049	mh_count	""	overlap4	mid	""
0.0977330803871155	base_count	GC	""	5end	v_trim
0.262880146503449	base_count	GC	""	5end	j_trim
-0.106878019869328	base_count	AT	""	3end	v_trim
-0.552892863750458	base_count	GC	""	3end	v_trim
-0.141099125146866	base_count	AT	""	3end	j_trim
-0.346330970525742	base_count	GC	""	3end	j_trim
0.0156170157715678	motif	A	pos1	5end	v_trim
0.0204109661281109	motif	C	pos1	5end	v_trim
0.028395488858223	motif	G	pos1	5end	v_trim
-0.304766952991486	motif	A	pos1	5end	j_trim
0.431392341852188	motif	C	pos1	5end	j_trim
-0.189673453569412	motif	G	pos1	5end	j_trim
0.373765647411346	motif	A	pos1	3end	v_trim
-0.479903370141983	motif	C	pos1	3end	v_trim
0.0887393280863762	motif	G	pos1	3end	v_trim
-0.0409068278968334	motif	A	pos2	3end	v_trim
-0.105439260601997	motif	C	pos2	3end	v_trim
-0.0703753307461739	motif	G	pos2	3end	v_trim
0.214312016963959	motif	A	pos1	3end	j_trim
-0.359342604875565	motif	C	pos1	3end	j_trim
-0.00131884298752993	motif	G	pos1	3end	j_trim
-0.0365072302520275	motif	A	pos2	3end	j_trim
-0.0835120528936386	motif	C	pos2	3end	j_trim
-0.196777358651161	motif	G	pos2	3end	j_trim
0.146349430899136	motif	T	pos1	3end	j_trim
0.216721419245005	motif	T	pos2	3end	v_trim
0.0630480647087097	motif	T	pos1	5end	j_trim
-0.0644234707579017	motif	T	pos1	5end	v_trim
0.0173983946442604	motif	T	pos1	3end	v_trim
0.316796641796827	motif	T	pos2	3end	j_trim
