value	coefficient	base	position	side	trim_type
0.436315774917603	ligation_mh	""	""	""	""
0.0375384651124477	base_count	GC	""	5end	v_trim
0.273216933012009	base_count	GC	""	5end	j_trim
-0.247351363301277	base_count	AT	""	3end	v_trim
-0.349117398262024	base_count	GC	""	3end	v_trim
-0.206856563687325	base_count	AT	""	3end	j_trim
-0.178430184721947	base_count	GC	""	3end	j_trim
0.053374607115984	motif	A	pos1	5end	v_trim
-0.120961509644985	motif	C	pos1	5end	v_trim
0.0263654254376888	motif	G	pos1	5end	v_trim
-0.18388719856739	motif	A	pos1	5end	j_trim
0.198636874556541	motif	C	pos1	5end	j_trim
-0.0612406730651856	motif	G	pos1	5end	j_trim
-0.082442432641983	motif	A	pos1	3end	v_trim
-0.0155993439257145	motif	C	pos1	3end	v_trim
0.191338583827019	motif	G	pos1	3end	v_trim
-0.0962830185890198	motif	A	pos2	3end	v_trim
0.0122224101796746	motif	C	pos2	3end	v_trim
0.0872035175561905	motif	G	pos2	3end	v_trim
-0.0505690164864063	motif	A	pos1	3end	j_trim
0.0128088593482971	motif	C	pos1	3end	j_trim
-0.00434625567868352	motif	G	pos1	3end	j_trim
-0.0723951980471611	motif	A	pos2	3end	j_trim
0.00859601236879826	motif	C	pos2	3end	j_trim
0.00629021041095257	motif	G	pos2	3end	j_trim
0.0412214770913124	motif	T	pos1	5end	v_trim
-0.0932968072593212	motif	T	pos1	3end	v_trim
0.0421064128167927	motif	T	pos1	3end	j_trim
-0.00314290914684534	motif	T	pos2	3end	v_trim
0.0464909970760346	motif	T	pos1	5end	j_trim
0.0575089752674103	motif	T	pos2	3end	j_trim
