value	coefficient	base	position	side	trim_type
96.1024169921875	mh_count	""	overlap1	mid	""
96.0947570800781	mh_count	""	overlap2	mid	""
96.0930862426758	mh_count	""	overlap3	mid	""
96.0926666259766	mh_count	""	overlap4	mid	""
0.076218381524086	base_count	GC	""	5end	v_trim
0.29643639922142	base_count	GC	""	5end	j_trim
-0.142550200223923	base_count	AT	""	3end	v_trim
-0.3832688331604	base_count	GC	""	3end	v_trim
-0.123882912099361	base_count	AT	""	3end	j_trim
-0.302108496427536	base_count	GC	""	3end	j_trim
0.0458471961319447	motif	A	pos1	5end	v_trim
0.0419020503759384	motif	C	pos1	5end	v_trim
0.0225744862109423	motif	G	pos1	5end	v_trim
-0.304450929164886	motif	A	pos1	5end	j_trim
0.391011714935303	motif	C	pos1	5end	j_trim
-0.158309563994408	motif	G	pos1	5end	j_trim
0.41373547911644	motif	A	pos1	3end	v_trim
-0.538678169250488	motif	C	pos1	3end	v_trim
-0.00661398470401764	motif	G	pos1	3end	v_trim
0.0287211574614048	motif	A	pos2	3end	v_trim
-0.114790163934231	motif	C	pos2	3end	v_trim
-0.191800743341446	motif	G	pos2	3end	v_trim
0.217200100421906	motif	A	pos1	3end	j_trim
-0.332208633422852	motif	C	pos1	3end	j_trim
0.0283325742930174	motif	G	pos1	3end	j_trim
-0.064343199133873	motif	A	pos2	3end	j_trim
-0.011712578125298	motif	C	pos2	3end	j_trim
-0.185704693198204	motif	G	pos2	3end	j_trim
0.0717487782239914	motif	T	pos1	5end	j_trim
0.277869749814272	motif	T	pos2	3end	v_trim
-0.110323732718825	motif	T	pos1	5end	v_trim
0.131556674838066	motif	T	pos1	3end	v_trim
0.0866759587079287	motif	T	pos1	3end	j_trim
0.261760470457375	motif	T	pos2	3end	j_trim
