value	coefficient	base	position	side	trim_type
0.0987111777067184	mh_count	""	overlap1	mid	""
0.100441209971905	mh_count	""	overlap2	mid	""
0.0992377623915672	mh_count	""	overlap3	mid	""
0.100621670484543	mh_count	""	overlap4	mid	""
0.0783932656049728	base_count	GC	""	5end	v_trim
0.295229554176331	base_count	GC	""	5end	j_trim
-0.144008055329323	base_count	AT	""	3end	v_trim
-0.381206125020981	base_count	GC	""	3end	v_trim
-0.123704805970192	base_count	AT	""	3end	j_trim
-0.303154796361923	base_count	GC	""	3end	j_trim
0.0443162769079208	motif	A	pos1	5end	v_trim
0.0417100377380848	motif	C	pos1	5end	v_trim
0.0263440273702145	motif	G	pos1	5end	v_trim
-0.305083721876144	motif	A	pos1	5end	j_trim
0.391108870506287	motif	C	pos1	5end	j_trim
-0.162999883294106	motif	G	pos1	5end	j_trim
0.413475632667542	motif	A	pos1	3end	v_trim
-0.541546702384949	motif	C	pos1	3end	v_trim
-0.00650296872481704	motif	G	pos1	3end	v_trim
0.0243527200073004	motif	A	pos2	3end	v_trim
-0.11268962174654	motif	C	pos2	3end	v_trim
-0.19120255112648	motif	G	pos2	3end	v_trim
0.219344705343246	motif	A	pos1	3end	j_trim
-0.330723255872726	motif	C	pos1	3end	j_trim
0.0240247249603272	motif	G	pos1	3end	j_trim
-0.0665147304534912	motif	A	pos2	3end	j_trim
-0.012290321290493	motif	C	pos2	3end	j_trim
-0.187470868229866	motif	G	pos2	3end	j_trim
0.26627591997385	motif	T	pos2	3end	j_trim
0.27953945286572	motif	T	pos2	3end	v_trim
0.0873538255691528	motif	T	pos1	3end	j_trim
0.134574038442224	motif	T	pos1	3end	v_trim
-0.11237034201622	motif	T	pos1	5end	v_trim
0.0769747346639633	motif	T	pos1	5end	j_trim
