value	coefficient	base	position	side	trim_type
0.00155665271449834	mh_count	""	overlap1	mid	""
0.0113720633089542	mh_count	""	overlap2	mid	""
0.00237640598788857	mh_count	""	overlap3	mid	""
0.00579631049185991	mh_count	""	overlap4	mid	""
0.0779860839247704	base_count	GC	""	5end	v_trim
0.294650882482529	base_count	GC	""	5end	j_trim
-0.143766328692436	base_count	AT	""	3end	v_trim
-0.381087183952332	base_count	GC	""	3end	v_trim
-0.124036088585854	base_count	AT	""	3end	j_trim
-0.303299695253372	base_count	GC	""	3end	j_trim
0.0433704778552055	motif	A	pos1	5end	v_trim
0.0415126197040081	motif	C	pos1	5end	v_trim
0.0258813314139843	motif	G	pos1	5end	v_trim
-0.305489659309387	motif	A	pos1	5end	j_trim
0.388717979192734	motif	C	pos1	5end	j_trim
-0.161217227578163	motif	G	pos1	5end	j_trim
0.413142204284668	motif	A	pos1	3end	v_trim
-0.540488839149475	motif	C	pos1	3end	v_trim
-0.0065558971837163	motif	G	pos1	3end	v_trim
0.023332953453064	motif	A	pos2	3end	v_trim
-0.113279946148396	motif	C	pos2	3end	v_trim
-0.190085262060165	motif	G	pos2	3end	v_trim
0.21819481253624	motif	A	pos1	3end	j_trim
-0.330537557601929	motif	C	pos1	3end	j_trim
0.0241532530635595	motif	G	pos1	3end	j_trim
-0.0670572966337204	motif	A	pos2	3end	j_trim
-0.0104593671858311	motif	C	pos2	3end	j_trim
-0.187867775559425	motif	G	pos2	3end	j_trim
-0.110764428973198	motif	T	pos1	5end	v_trim
0.265384439378977	motif	T	pos2	3end	j_trim
0.0779889076948166	motif	T	pos1	5end	j_trim
0.133902532048523	motif	T	pos1	3end	v_trim
0.280032254755497	motif	T	pos2	3end	v_trim
0.0881894920021296	motif	T	pos1	3end	j_trim
