value	coefficient	base	position	side	trim_type
0.445217162370682	ligation_mh	""	""	""	""
0.0982418358325958	base_count	GC	""	5end	v_trim
0.2670958340168	base_count	GC	""	5end	j_trim
-0.181605190038681	base_count	AT	""	3end	v_trim
-0.383823126554489	base_count	GC	""	3end	v_trim
-0.129829198122025	base_count	AT	""	3end	j_trim
-0.323483020067215	base_count	GC	""	3end	j_trim
0.124248534440994	motif	A	pos1	5end	v_trim
-0.0873349830508232	motif	C	pos1	5end	v_trim
-0.0687969028949738	motif	G	pos1	5end	v_trim
-0.226197987794876	motif	A	pos1	5end	j_trim
0.306774586439133	motif	C	pos1	5end	j_trim
-0.186436101794243	motif	G	pos1	5end	j_trim
0.281951099634171	motif	A	pos1	3end	v_trim
-0.385295987129211	motif	C	pos1	3end	v_trim
-0.0824912190437317	motif	G	pos1	3end	v_trim
0.0534071028232575	motif	A	pos2	3end	v_trim
-0.142120197415352	motif	C	pos2	3end	v_trim
-0.132945850491524	motif	G	pos2	3end	v_trim
0.20946729183197	motif	A	pos1	3end	j_trim
-0.304927676916122	motif	C	pos1	3end	j_trim
-0.0310537815093994	motif	G	pos1	3end	j_trim
-0.0155438296496868	motif	A	pos2	3end	j_trim
-0.0416770055890083	motif	C	pos2	3end	j_trim
-0.14114186167717	motif	G	pos2	3end	j_trim
0.126514166593552	motif	T	pos1	3end	j_trim
0.185836106538773	motif	T	pos1	3end	v_trim
0.221658945083618	motif	T	pos2	3end	v_trim
0.105859503149986	motif	T	pos1	5end	j_trim
0.0318833515048027	motif	T	pos1	5end	v_trim
0.198362696915865	motif	T	pos2	3end	j_trim
