value	coefficient	base	position	side	trim_type
0.478825569152832	ligation_mh	""	""	""	""
0.12746450304985	base_count	GC	""	5end	v_trim
0.273414790630341	base_count	GC	""	5end	j_trim
-0.181084007024765	base_count	AT	""	3end	v_trim
-0.412615478038788	base_count	GC	""	3end	v_trim
-0.141680270433426	base_count	AT	""	3end	j_trim
-0.324375301599503	base_count	GC	""	3end	j_trim
0.0408740788698196	motif	A	pos1	5end	v_trim
-0.0103825526311994	motif	C	pos1	5end	v_trim
0.0244527012109756	motif	G	pos1	5end	v_trim
-0.161332949995995	motif	A	pos1	5end	j_trim
0.169353380799294	motif	C	pos1	5end	j_trim
-0.0793250352144241	motif	G	pos1	5end	j_trim
0.120065905153751	motif	A	pos1	3end	v_trim
-0.282075375318527	motif	C	pos1	3end	v_trim
-0.0723148286342621	motif	G	pos1	3end	v_trim
0.0510905869305134	motif	A	pos2	3end	v_trim
-0.146397531032562	motif	C	pos2	3end	v_trim
-0.139154553413391	motif	G	pos2	3end	v_trim
0.26072883605957	motif	A	pos1	3end	j_trim
-0.379625201225281	motif	C	pos1	3end	j_trim
0.00612361263483763	motif	G	pos1	3end	j_trim
-0.0255576223134995	motif	A	pos2	3end	j_trim
-0.0266772713512182	motif	C	pos2	3end	j_trim
-0.134980127215385	motif	G	pos2	3end	j_trim
0.23446149751544	motif	T	pos2	3end	v_trim
0.112772752530873	motif	T	pos1	3end	j_trim
0.234324298799038	motif	T	pos1	3end	v_trim
-0.0549442274495959	motif	T	pos1	5end	v_trim
0.0713046044111252	motif	T	pos1	5end	j_trim
0.187215020880103	motif	T	pos2	3end	j_trim
