value	coefficient	base	position	side	trim_type
0.00162896618712693	ligation_mh	""	""	""	""
0.0850481763482094	base_count	GC	""	5end	v_trim
0.266764104366303	base_count	GC	""	5end	j_trim
-0.191072732210159	base_count	AT	""	3end	v_trim
-0.385004669427872	base_count	GC	""	3end	v_trim
-0.128257423639297	base_count	AT	""	3end	j_trim
-0.312947452068329	base_count	GC	""	3end	j_trim
0.194732859730721	motif	A	pos1	5end	v_trim
-0.131725966930389	motif	C	pos1	5end	v_trim
-0.0947573632001877	motif	G	pos1	5end	v_trim
-0.239192396402359	motif	A	pos1	5end	j_trim
0.362435519695282	motif	C	pos1	5end	j_trim
-0.205926731228828	motif	G	pos1	5end	j_trim
0.27031147480011	motif	A	pos1	3end	v_trim
-0.375033855438232	motif	C	pos1	3end	v_trim
-0.0808157622814179	motif	G	pos1	3end	v_trim
0.0290634855628014	motif	A	pos2	3end	v_trim
-0.127190113067627	motif	C	pos2	3end	v_trim
-0.130056127905846	motif	G	pos2	3end	v_trim
0.195333898067474	motif	A	pos1	3end	j_trim
-0.293418347835541	motif	C	pos1	3end	j_trim
-0.055831253528595	motif	G	pos1	3end	j_trim
-0.00920673180371523	motif	A	pos2	3end	j_trim
-0.0678924843668938	motif	C	pos2	3end	j_trim
-0.121603608131409	motif	G	pos2	3end	j_trim
0.0317504703998566	motif	T	pos1	5end	v_trim
0.18553814291954	motif	T	pos1	3end	v_trim
0.198702824302018	motif	T	pos2	3end	j_trim
0.153915703296661	motif	T	pos1	3end	j_trim
0.0826836079359055	motif	T	pos1	5end	j_trim
0.228182755410671	motif	T	pos2	3end	v_trim
